percentile,abuse
1,	0.1225253
50,	0.1226316
75,	0.1260397
90,	0.1299342
95,	0.1444616
99,	0.1579311